Word,Original_Frequency
SPELL,540
WAND,321
DAH,48
DOH,38
GOAT,37
GOTH,21
DUH,20
COAT,20
DEF,19
NET,18
DOT,17
EAT,17
DEV,15
DOAT,15
GONE,15
DIF,14
DEN,13
DIE,13
EST,12
GOOD,12
EAR,11
DAY,11
DAD,11
GOAD,10
WHAT,10
ELSE,10
TEA,10
DAN,9
DIT,9
ATE,9
TAD,9
DOE,9
ACE,9
MOAT,9
ROT,9
TIN,8
TAT,8
SAD,8
HAT,8
WIND,8
NAE,8
ACHE,8
NIP,8
BOAT,8
LET,7
RAD,7
TOE,7
NODE,7
NOPE,7
RET,7
RAH,7
ECO,7
S--,7
AND,7
RAN,7
GOES,7
CAT,7
NIL,7
N--,7
H--,7
DAK,7
APNEA,7
GORE,7
DEL,7
NAB,7
NOBLES,7
GOAL,6
ASH,6
NIT,6
ART,6
DON,6
I--,6
WANE,6
ELS,6
ZED,6
NUT,6
ETH,6
THE,6
E--,6
NOTE,6
NOT,6
NEST,6
DAM,6
NOBLER,6
TOY,6
TIE,6
KIT,6
OAT,6
DIB,6
A--,6
DAB,6
NOD,6
DIM,6
NEAT,6
M--,6
TAP,6
TAB,5
RIB,5
NOR,5
NICE,5
BIN,5
DEP,5
TIS,5
NAY,5
GOON,5
NEB,5
GET,5
MAT,5
ROE,5
TARE,5
PET,5
THEE,5
TET,5
HER,5
DUE,5
WANT,5
DATE,5
WALE,5
MET,5
WAIL,5
WENT,5
HAS,5
HEM,5
NEE,5
NUB,5
WORT,5
TEN,5
DIN,5
AXEL,5
NAN,5
TIC,5
RETE,5
KIR,5
NOB,5
ERE,5
SET,5
TAN,5
SENT,5
BAH,5
MAN,4
ISLE,4
ARK,4
AGED,4
R--,4
PATE,4
AGEE,4
HELP,4
THIS,4
SAT,4
WIRE,4
COW,4
HAD,4
TAG,4
ANT,4
SAE,4
MED,4
AAHS,4
APE,4
WAR,4
HEN,4
THEN,4
ATOM,4
RID,4
CUM,4
GOSH,4
L--,4
T--,4
GEL,4
NONE,4
WARE,4
RASH,4
TOG,4
SIT,4
CAR,4
WART,4
NEW,4
ORC,4
TEAM,4
CAD,4
REX,4
NINE,4
NESS,4
LEA,4
TOW,4
LIT,4
WONT,4
COD,4
ARE,4
BED,4
WEST,4
ACID,4
GEM,4
SERE,4
MEH,4
ACETA,4
GOLD,4
BET,4
KAT,4
BAT,4
NEAR,4
HOT,4
ALE,4
HET,4
AKIN,4
EYE,4
CEE,4
ROM,4
A---,4
RIP,4
TAR,4
K--,4
ROLES,4
HAOS,4
WILT,4
TAE,4
VASA,4
TIP,4
BIT,4
O---,4
RUN,4
ASHY,4
GOOK,4
ITEM,4
ACNE,4
BLAH,4
RENTE,4
TOES,4
NAH,4
TOD,4
ECHE,3
DALE,3
THAT,3
ARKS,3
DOR,3
GOBS,3
WEED,3
TABU,3
TUN,3
ROB,3
IRE,3
YET,3
ITS,3
TEE,3
DOC,3
PAT,3
A--E,3
ANTE,3
ETNA,3
YULE,3
AXED,3
GAS,3
STEER,3
AHIS,3
ANIL,3
TEEN,3
RAW,3
TOT,3
X--,3
GOB,3
END,3
TOO,3
CENT,3
ASK,3
BID,3
MICE,3
EVE,3
SIG,3
TON,3
HETS,3
DOM,3
WORE,3
WELT,3
AIDE,3
DIG,3
RES,3
TAM,3
DEEP,3
U--,3
SEE,3
DUM,3
CHIN,3
SECT,3
ETUI,3
TED,3
EGG,3
HAY,3
L---,3
HAM,3
AWED,3
EKE,3
MAC,3
EXIT,3
STEEL,3
ODD,3
AAH,3
DID,3
NITE,3
DAS,3
EXITS,3
DICE,3
EGO,3
LIE,3
COT,3
ANOA,3
AUGH,3
TIT,3
TIDE,3
ROAD,3
THEM,3
ALTS,3
ICE,3
TONE,3
ESNE,3
TUM,3
AMEN,3
WERT,3
EERY,3
AYE,3
B--,3
PAN,3
INCH,3
TICK,3
AIM,3
TAME,3
ROW,3
NAME,3
RAJ,3
WIT,3
WEBS,3
WEAR,3
HEED,3
GIN,3
ENTER,3
SNIT,3
ASS,3
CATH,3
SHE,3
EEK,3
ABA,3
SIN,3
HEALS,3
DAG,3
AGES,3
APER,3
EON,3
RED,3
TEC,3
GOER,3
EASE,3
REM,3
SJ---,3
APT,3
ABATE,3
SAP,3
HIS,3
WIPE,3
ALEE,3
CATE,3
DIP,3
TAKE,3
TENT,3
AGHA,3
ABAS,3
AMIE,3
CAP,3
AXES,3
HEX,3
STATE,3
RAID,3
PIT,3
NOSE,3
NOSH,3
DIS,3
MAE,3
HALT,3
WADE,3
ACT,3
ROOT,3
HAE,3
TELL,3
MAKE,3
ODE,3
NAP,3
SIS,3
EDH,3
AREA,3
WAAH,3
ERR,3
NOW,3
SAINT,3
NABE,3
DEAD,3
SPORT,3
GHEE,3
LATE,3
ROSE,2
ZONE,2
HIKER,2
TE--,2
LINE,2
KEN,2
AIL,2
DOIT,2
OIL,2
TATE,2
N---,2
WOOD,2
FAN,2
ACTS,2
ARTS,2
FAS,2
WADS,2
WEDS,2
HINGED,2
RAZE,2
PAX,2
MEDIC,2
MIR,2
MORT,2
WARS,2
SABIN,2
ITCH,2
TACE,2
RUIN,2
HARD,2
ROO,2
JEED,2
MANE,2
GELT,2
HOKE,2
TAIN,2
SAB,2
DAYS,2
EGOS,2
YETI,2
KILT,2
WAME,2
WASP,2
EDIT,2
TINE,2
AAL,2
SN---,2
SIX,2
TSAR,2
SC---,2
CARD,2
EEL,2
WHEN,2
F--,2
PUNNY,2
HAKE,2
LOT,2
RALE,2
GEEZ,2
DOX,2
EBB,2
POET,2
FIXED,2
PHAT,2
NAM,2
VEG,2
AHI,2
LEX,2
NOON,2
DEBT,2
FAIR,2
NORM,2
OCH,2
DAZE,2
MITE,2
STEAL,2
REHAB,2
BIKED,2
ROC,2
MEHNDI,2
TEED,2
RAKE,2
HOLE,2
HENS,2
CASH,2
HOOD,2
KAE,2
AMP,2
WAYS,2
SHAT,2
KIER,2
YAH,2
REAMS,2
ATES,2
WAES,2
NEMA,2
V--E,2
TORE,2
CIS,2
SMUT,2
POLE,2
TRY,2
SLAM,2
SEX,2
WRIT,2
SNOW,2
STONE,2
DUKE,2
SIGHT,2
DIED,2
KERB,2
RICE,2
M---,2
DENY,2
WAVE,2
MEM,2
HEART,2
HART,2
ENS,2
ABHOR,2
DOG,2
WEEL,2
WITH,2
HUTCH,2
SHONE,2
S---,2
AMID,2
PAM,2
SHIT,2
CANT,2
NEGS,2
TIS-,2
HARED,2
FORTH,2
HERE,2
ACRE,2
AEON,2
HIT,2
LINT,2
STAT,2
TROP,2
ROAM,2
RELET,2
TSK,2
OAR,2
ROD,2
ACYL,2
APHID,2
RACK,2
EXERT,2
WARD,2
CAN,2
DEMY,2
RITE,2
ESSE,2
AVE,2
POH,2
LORE,2
IRONE,2
STAN,2
TUB,2
TOTS,2
DOPE,2
MERIT,2
SEL,2
PEAT,2
SE---,2
DINK,2
FED,2
CHEMO,2
KOS,2
WAIT,2
EATH,2
NEVE,2
AORTA,2
OVA,2
PAR,2
BELL,2
ARMS,2
STERN,2
CUE,2
AKELA,2
WAG,2
NARE,2
KNEE,2
ZOO,2
TOTE,2
MEN,2
HEH,2
YEET,2
RAT,2
SHOW,2
GAP,2
MUNCH,2
OGRE,2
TOR,2
SHOT,2
CEES,2
MIDGE,2
DOTH,2
MODE,2
RAIS,2
LOB,2
NAG,2
PEE,2
MIKE,2
RIDS,2
TEAR,2
R--E,2
REAL,2
EATS,2
TILE,2
BEL,2
LOW,2
MENTOR,2
EARL,2
AWES,2
CAF,2
LEER,2
SAKE,2
BATHE,2
HUT,2
AAS,2
ENG,2
RUING,2
LAG,2
ABASH,2
CIG,2
BASH,2
BALE,2
BAR,2
WASH,2
HOLDS,2
SS---,2
PIE,2
SOH,2
BITS,2
WORD,2
WEND,2
CIGS,2
TACH,2
ZAIRE,2
PEC,2
STAW,2
ODES,2
WITE,2
SELL,2
NIX,2
DANG,2
SENTE,2
SEEN,2
SWINE,2
TRUTH,2
GAT,2
AHEM,2
WAT,2
RANG,2
O--E,2
STAIN,2
AE-,2
NOVA,2
ECHT,2
FIT,2
BEGIN,2
STYE,2
SUE,2
THAN,2
PAVE,2
OUR,2
GODS,2
HETH,2
WAS,2
TAIL,2
CROOK,2
GEE,2
TAX,2
HINGE,2
GAR,2
YELD,2
AGE,2
HEEL,2
ANES,2
CELT,2
ONCE,2
METHOD,2
CHAT,2
HILI,2
ALES,2
ELD,2
DRAM,2
ANKH,2
OTTO,2
XIS,2
HERD,2
AFT,2
THIN,2
WAD,2
GID,2
GONG,2
FIN,2
MOG,2
SEAMS,2
ANTS,2
STIR,2
AERO,2
XED,2
SITE,2
SWAT,2
DAL,2
S----,2
ZEES,2
BOP,2
ETA,2
DOS,2
CHON,2
CLIP,2
RAKES,2
LEARN,2
HAVE,2
RUT,2
WABS,2
AGAR,2
LEE,2
AVA,2
CALO,2
RUM,2
AKEE,2
AGATE,2
PART,2
STAG,2
NENE,2
HURTS,2
CITE,2
AZAN,2
QUIT,2
FART,2
DART,2
WENS,2
STAR,2
NIM,2
KEEN,2
YIPE,2
EME,2
PROVE,2
ALTO,2
PEGS,2
ARSE,2
STEP,2
WARN,2
HIN,2
CAB,2
O--,2
RIM,2
HOAR,2
DOLT,2
RIDE,2
APSE,2
TORN,2
TERROR,2
WAGE,2
ORT,2
SO---,2
LEK,2
LATH,2
SAITH,2
ATS,2
OPERA,2
HOE,2
HARE,2
VIS,2
LAD,2
NAOI,2
DEB,2
SF---,2
C---,2
STILT,2
REI,2
TIDY,2
SPEEL,2
SOL,2
BLOC,2
GEN,2
RANK,2
EWER,2
EDS,2
IKAT,2
ICES,2
PEN,2
ADIT,2
BAA,2
TREE,2
MHO,2
DAP,2
D--,2
HINT,2
LIP,2
AFAR,2
TWAT,2
YEAS,2
INS,2
PAS,2
RAJES,2
LENT,2
NOO,2
EASED,2
BROW,2
SCAT,2
CUT,2
OGLED,2
AGON,2
MORPH,2
LIB,2
NOH,2
TONNE,2
MASH,2
KITS,2
POD,2
AJAR,2
ALOW,2
TUX,2
NAKED,2
ELKS,2
HATER,2
OKRA,2
TOM,2
BEER,2
SHIMS,2
NERD,2
DEE,2
OMIT,2
KEY,2
AVID,2
FATS,2
SEC,2
DELE,2
BOT,2
EWE,2
APED,2
AXE,2
K-,2
PAK,2
URN,2
DASH,2
TOME,2
TEL,2
NEEP,2
FAM,2
SARK,2
YEN,2
SABES,2
HERS,2
FACET,1
ARENE,1
RANT,1
MI----,1
WEDEL,1
MARGE,1
DUAD,1
IDEA,1
Q-O,1
LINY,1
DELL,1
E-E-,1
MAKOS,1
MAUN,1
GENE,1
RRJRT,1
SWIRL,1
AHOY,1
GOCT,1
WORN,1
KID,1
TOKCG,1
ROOST,1
AGER,1
WATER,1
AGONY,1
TIER,1
BETS,1
Y-S,1
OXIC,1
SO----,1
AMMO,1
HILT,1
ARM,1
IAED,1
GRAMP,1
REPS,1
WHEE,1
WEEN,1
LAY,1
TNAI,1
STEED,1
TIX,1
ABACA,1
TITTIE,1
BRUH,1
P--,1
APISH,1
FT-,1
ALBA,1
AMPED,1
DEY,1
GIE,1
ZLN,1
PIKE,1
HIES,1
GITNK,1
LORN,1
I-T,1
JADE,1
DDHT,1
INNS,1
WIDE,1
SLOYD,1
NIDI,1
USRH,1
VWAR,1
SI--,1
LOCHS,1
D-T--,1
HIDER,1
DREK,1
LYSES,1
SNAKE,1
OVERS,1
ROTCH,1
DUN,1
ONE,1
HNO-,1
DEAL,1
KHI,1
OBIA,1
SHIRT,1
E--E,1
SHIP,1
CHUB,1
SNOT,1
SIXES,1
LARD,1
ALAN,1
KEGS,1
FEED,1
ELATE,1
IOTA,1
XTLWDA,1
KA---,1
GATED,1
MOTES,1
MARSH,1
HERNS,1
BUHL,1
SERS,1
S-R-,1
ATMA,1
UREV,1
WARM,1
ERNS,1
CHUG,1
AUDAD,1
EVIL,1
OGRES,1
QUARE,1
JIHAD,1
TDEOD,1
SHIRE,1
COOP,1
DOOM,1
BALS,1
ERA,1
SLAT,1
HOME,1
AT-,1
MABES,1
VIE,1
SCENT,1
EOEO,1
RIPS,1
SLEDS,1
ROPE,1
LOLLY,1
SPINE,1
EES,1
Y--E,1
SAVE,1
DAFT,1
GORP,1
NUMB,1
LIVE,1
NEAP,1
THEW,1
SHERO,1
CLIT,1
ADZE,1
NAIL,1
CHCR,1
PED,1
FUSEE,1
CHAM,1
ATSV,1
DYE,1
PAY,1
EXES,1
FAR,1
FUNGO,1
TUBA,1
ZCTD,1
DOSE,1
MINER,1
TNLI,1
Z---,1
AMAZE,1
HERBS,1
LOTH,1
TASE,1
TA-,1
SMQN-,1
REE,1
EBY,1
IRNI,1
ACTA,1
SPELT,1
TIL,1
BILE,1
SCART,1
EWES,1
PAH,1
FEWER,1
AHA,1
BELIE,1
RTBSU,1
ARTY,1
MABE,1
SOOTY,1
AE---,1
KAIL,1
DHAL,1
O---N,1
DE--,1
ETC,1
ACED,1
ICKS,1
TEG,1
QP---,1
O-,1
AVES,1
GLOZES,1
AUQHM,1
SQ--,1
MEAD,1
TRICE,1
DADO,1
MOR,1
OKA,1
CLU,1
WHOP,1
RUST,1
SCENA,1
SPINS,1
SES,1
E-S-,1
RCZM,1
SAA,1
OKAS,1
SCAM,1
TREKS,1
BEEF,1
HUNH,1
JIMP,1
DER,1
WREN,1
YAL,1
SHIM,1
RTO,1
SOAK,1
RIG,1
RASE,1
WAN,1
FOX,1
WISH,1
CENTU,1
NAPA,1
NFA,1
WINE,1
OGLE,1
JAPE,1
BUTOH,1
TXJO,1
SAC,1
MASK,1
ADORE,1
ARB,1
FRIZ,1
QUANT,1
FORCE,1
TREMS,1
OMA,1
-Z--,1
IIES,1
PTA,1
APRON,1
WOE,1
AHVM,1
YETT,1
DOTS,1
NTH,1
HELD,1
YEZT,1
ITHE,1
KIBE,1
OPES,1
HI---,1
RAIDS,1
RIND,1
HTPF-,1
XOAT,1
HOOTS,1
SPITE,1
HAG,1
TAS,1
NT--,1
IDYL,1
RELIT,1
EVER,1
GAED,1
SIB,1
L--E,1
CUR,1
RATE,1
NALA,1
NATES,1
FERAL,1
UESEC,1
MOI,1
HUMID,1
TRITE,1
TORC,1
RAILS,1
SPUR,1
FID,1
LOOT,1
L-S-,1
DEVKI,1
SIDE,1
IGEO,1
PANS,1
HHAAN,1
BOA-,1
GUT,1
HOP,1
FATED,1
ANAL,1
SON,1
G--,1
DONNE,1
UNMET,1
SOOTS,1
AMA,1
LENDS,1
ALSO,1
LAKH,1
A-R,1
TRYNA,1
MASHY,1
KOP,1
IDOL,1
RUTH,1
RJTER,1
TUP,1
LOX,1
RILED,1
LANCE,1
YECH,1
COP,1
MACHE,1
EKES,1
ANTA,1
W--A,1
COY,1
REAM,1
JAIL,1
XVS,1
SNRN,1
ED-,1
YENS,1
LVG,1
SEEDS,1
HUH,1
ENOW,1
DEMON,1
SCUT,1
GRAN,1
WEENS,1
WIZEN,1
SCANT,1
ARVO,1
TRNA,1
COB,1
ROBES,1
RATER,1
DAW,1
SHOGI,1
RAGA,1
DOVE,1
KAME,1
TUNG,1
AURAE,1
CARK,1
HEP,1
WTE,1
FITCH,1
FACED,1
TLG,1
AAIL,1
FIRER,1
DUO,1
CALIX,1
E---R,1
WIN,1
HOM,1
NOSES,1
EIDE,1
CIRE,1
FAST,1
GOWN,1
GAME,1
LARDY,1
RUB,1
CARN,1
KITH,1
K-G,1
ELLS,1
THEIR,1
HATH,1
MISO,1
RICK,1
LSQEG,1
NONKI,1
HURRY,1
FANOS,1
MISLED,1
TEST,1
OWLY,1
D---,1
TWIN,1
RESH,1
GROAN,1
HSND,1
ETCAI,1
RODS,1
MOPED,1
GOAS,1
NILLS,1
ECHO,1
UNTO,1
TMAW,1
WHAP,1
GNATS,1
RATED,1
PASH,1
FARM,1
RAI,1
FAXES,1
ABFW,1
SORTA,1
KEEL,1
RIDGE,1
STOT,1
BOAR,1
DOWS,1
BEADS,1
TAPE,1
RABIC,1
BUT,1
TOMP,1
SWAN,1
DORK,1
HOPAK,1
OTT,1
MDHAUT,1
RAM,1
E-R--R,1
LGT,1
WEAN,1
RANEE,1
SPIRE,1
ET-C,1
NOES,1
OUT,1
OEWC,1
SRN--,1
HHHNO,1
WHET,1
WMJ-,1
WELP,1
AJEE,1
PHH,1
RI-,1
NOLO,1
MBAACE,1
LETUP,1
FELT,1
TROD,1
ASCI,1
TWEET,1
MOB,1
LUDS,1
ALATE,1
TOUR,1
YOB,1
SHOOT,1
SB----,1
HAARS,1
XEAW,1
MEWLS,1
TOPO,1
XYST,1
REPRO,1
GASP,1
VAIN,1
EXAM,1
ADDS,1
HON,1
ARIE,1
EDEMA,1
FCHV,1
H--E,1
ZENS,1
EMOS,1
NEH,1
AAZ--,1
BUY,1
LACK,1
SOM,1
KSSZ,1
BONES,1
REP,1
LLLS,1
TORS,1
CU-S,1
AMBO,1
DUZ,1
LDR,1
GOR,1
ACN,1
TARP,1
TEMP,1
TETO,1
RERUO,1
T-S---,1
DACE,1
EN---,1
-----,1
ARSJEW,1
REBEL,1
LEECH,1
STEEP,1
WORK,1
SUCH,1
GLIM,1
IEADK,1
WILY,1
CSST,1
TNNT,1
FETCH,1
DUNE,1
STEWS,1
MELTER,1
SLIT,1
RIENR,1
POP,1
ELL,1
RKHFJ,1
GILL,1
LUX,1
QJCS,1
KIF,1
AGUED,1
S--RS,1
YES,1
TABS,1
CUTE,1
PUT,1
VILER,1
MORE,1
RALLY,1
TR---,1
G-T,1
DUD,1
GRANT,1
PORE,1
GOGO,1
IMNU,1
SWART,1
BRANK,1
PURL,1
S-S-,1
PEERY,1
CART,1
SLIME,1
ETHOS,1
HEXER,1
KENO,1
BREE,1
TER,1
SMOKE,1
AODDB,1
PATH,1
HK-S,1
MAKER,1
RETRY,1
HOST,1
PAGES,1
VAST,1
O-----,1
WANK,1
GQX,1
DALS,1
HIMS,1
MAP,1
TOSH,1
TALI,1
SLID,1
SLOPE,1
DRAW,1
WEES,1
AXLE,1
RAG,1
BOD,1
HEIR,1
BAD,1
RZ-,1
CHAIN,1
WOOL,1
KIOSK,1
WEEP,1
E-R-,1
GAST,1
THIO,1
MAG,1
JABS,1
J---,1
RAIAS,1
KIES,1
POXED,1
FILTH,1
THING,1
ARFS,1
RENT,1
LOP,1
SLICK,1
SHUN,1
SNARE,1
WHID,1
SERIN,1
FELTED,1
CAPUT,1
ODAH,1
INFO,1
WARK,1
CURER,1
SABER,1
TUT,1
HHE,1
DURRA,1
YARDS,1
RAMS,1
LIS,1
CON,1
CQP,1
SERA-,1
PINT,1
SLOPS,1
TTK,1
RA--,1
CECAL,1
EFTS,1
KISS,1
BRIT,1
MILF,1
SASH,1
MAY,1
BUTS,1
RIR,1
SUP,1
S-R,1
ML----,1
UPS,1
SEW,1
PACK,1
BROAD,1
MACH,1
CHW,1
SCUDS,1
TANS,1
KENT,1
RICED,1
CEL,1
LTE,1
ADO,1
AMIA,1
HEMIN,1
INEZP,1
LECH,1
NOMOS,1
NOTED,1
MAYA,1
EWSF,1
SEET,1
BR---,1
EPHOD,1
SWASH,1
BEANO,1
CUBS,1
CATS,1
WALY,1
FADOS,1
LE-R-,1
GEAR,1
COULD,1
BHUT,1
HILL,1
SPILE,1
OVEN,1
DOSS,1
RIPER,1
SER,1
THERM,1
LOCH,1
BUD,1
REIN,1
HOKES,1
RHSS,1
GHI,1
HONG,1
RTSE,1
TREAT,1
SNAIL,1
ANODE,1
TZAR,1
HOMO,1
MONGER,1
HEXAD,1
LH-,1
KEP,1
RIANT,1
UPLIT,1
RHRF,1
PIC,1
POT,1
HIDES,1
WHAM,1
C--S,1
ONERY,1
RIAX,1
PIN,1
WR--,1
SWAGE,1
FEES,1
EYAS,1
SPURN,1
AAHED,1
PLIER,1
LOCAL,1
ACRO,1
SKIT,1
NOBLEH,1
FUDDY,1
OCKER,1
CUTS,1
LEARY,1
ASPS,1
WEET,1
RACER,1
DPUL,1
NIXES,1
REDE,1
MESSY,1
EA--,1
TONY,1
PULA,1
AWOL,1
LZD,1
DULL,1
NTEJ,1
SONAR,1
ARCH,1
NUNS,1
J--E,1
PER,1
KILL,1
ROTES,1
BLUE,1
SEI,1
EMIT,1
WETA,1
FAY,1
SQD--,1
AZURE,1
TUSH,1
IRON,1
REAPS,1
SPA,1
JAG--,1
REVET,1
ROTOR,1
UE-R-,1
RUSH,1
TIERS,1
PACT,1
ELUTE,1
SL---,1
CAPE,1
GROOM,1
STYED,1
OILED,1
SOD,1
SPORE,1
CETES,1
HONS,1
FEAR,1
HILAR,1
OPALS,1
SMEW,1
GLENS,1
HIC,1
MARRY,1
BAAL,1
WF--,1
WIRY,1
AMENT,1
BAKE,1
L-I,1
AGO,1
AUTO,1
CERO,1
FLLIO,1
T-,1
EMBER,1
BOJ-,1
DURE,1
BEEN,1
AOTG,1
ROOFS,1
U-S,1
FLESH,1
BARE,1
BRAN,1
CHEAT,1
POM,1
KOPEK,1
HENCE,1
DILL,1
REB,1
RNNI,1
ICKY,1
RICH,1
SIGHS,1
HONE,1
AMAH,1
ADS,1
POWE,1
SKEED,1
HAEN,1
COCKS,1
AIS,1
HAW,1
WP--,1
FEH,1
ETCH,1
PEST,1
METER,1
CERT,1
ALIT,1
MRR-,1
MAZE,1
YIRD,1
YUK,1
TARED,1
SDLI,1
STAID,1
NUBS,1
TORR,1
SWARE,1
KALE,1
ILIA,1
OYER,1
PDTR,1
ZAPS,1
PIX,1
KEX,1
STUB,1
BELTER,1
SNDI-,1
TITS,1
VENGE,1
FAICE,1
LEET,1
PITCH,1
SILK,1
COALA,1
BHS,1
IPEC,1
ABOHM,1
RUC,1
SNAG,1
VARS,1
BEN,1
ERRS,1
MEEE,1
SALUT,1
FEEDS,1
DN,1
LIPS,1
RAFT,1
SKAT,1
NO,1
CYANO,1
MESS,1
SATED,1
KIN,1
MALE,1
DATO,1
SALE,1
SIC,1
AUDIO,1
WATS,1
HTEI,1
TUNE,1
BROWN,1
PIPER,1
HENAT,1
THACKS,1
TEND,1
SMART,1
ERGO,1
SWOLE,1
SICS,1
PASS,1
ALOJR,1
SEEK,1
ERNE,1
DCHAA,1
DIRT,1
PUSH,1
QRT,1
RETCH,1
CINQS,1
WEIR,1
HUNG,1
LIMAS,1
INTRO,1
DOZE,1
COCYE,1
EMEU,1
TIME,1
HAINT,1
HELL,1
SLUNG,1
TWO,1
RACED,1
RR--,1
MOTE,1
AIDS,1
SCORE,1
FATSO,1
HOARD,1
SEDER,1
THLC,1
CHATS,1
OVUM,1
ALTAR,1
IT--S,1
MAGE,1
SABIR,1
SEAM,1
AHED,1
HACK,1
TAO,1
SWARM,1
CUP,1
CRHOT,1
AITS,1
AXAL,1
GORY,1
OAN--,1
RABI,1
RULES,1
PINE,1
HOB,1
ZKEDA,1
LORD,1
WHC,1
REMIT,1
OXO,1
TORL,1
BOXY,1
RAGS,1
MATH,1
FETES,1
YELLED,1
HUSH,1
DOSH,1
PEREA,1
MES,1
CANST,1
COLIC,1
R-S---,1
SENE,1
DUSB,1
SIM,1
YOND,1
RIVAL,1
R-L---,1
FEAL,1
ROBE,1
HIDRX,1
HUN,1
RARE,1
CHAI,1
CUBE,1
RAGEE,1
SKIER,1
RIFT,1
KNOWN,1
GAZES,1
DADS,1
RACKS,1
PATER,1
ARAK,1
MOTH,1
XHP,1
PSI,1
NOM,1
MIS,1
OI--,1
POX,1
HAIR,1
LUNE,1
SEIE,1
QTDCO,1
NYAH,1
BOOK,1
JOHN,1
STARS,1
REFT,1
DAJ,1
SEA,1
POSE,1
WIFE,1
URGAB,1
TONG,1
HANSA,1
RIOTS,1
RAZES,1
TACO,1
SAMPS,1
JOBS,1
DOHS,1
SHITS,1
EARN,1
DISS,1
AWVT,1
MOLAR,1
VELEE,1
EYES,1
JACKS,1
ARF,1
FOEHN,1
FEATS,1
ABET,1
STEMS,1
T-S-,1
PHUT,1
ELMS,1
KQ--,1
FIGS,1
GAD,1
WOBC,1
ZUJ,1
NOEL,1
AURA,1
VITA,1
LOWE,1
PEAR,1
LEGS,1
SORD,1
PPUNA,1
WI--,1
LEVO,1
NAV,1
ERG,1
RAGG,1
AWL,1
TYX,1
----,1
SONG,1
UREIC,1
GOUT,1
FIRED,1
WHIZ,1
HOVE,1
FADER,1
SPRUE,1
MEUU,1
LIRE,1
SOB,1
RUMP,1
POOF,1
APOD,1
HOUND,1
BERTH,1
MINE,1
I---,1
A-R-,1
BANGS,1
QUART,1
GUM,1
LAST,1
TVSS,1
MAD,1
HOY,1
NEXT,1
SAGE,1
ETTE,1
EAU,1
LEST,1
ICH,1
IVORY,1
DIAL,1
OKEH,1
RAYAH,1
EDIE,1
SENDS,1
KEAS,1
RUNNY,1
G--R-,1
HASH,1
CHETH,1
MIC,1
PUETE,1
HTS,1
LAB,1
EAL,1
IDS,1
BENT,1
SAU,1
VINE,1
FIORD,1
BINE,1
RHUS,1
REBER,1
FUBAR,1
CHECK,1
RENEW,1
RA---,1
MIREX,1
SCS,1
REV,1
TANK,1
T-K,1
NTOHI,1
MEET,1
BES,1
U--E,1
DEWS,1
ALGA,1
SYNC,1
HAED,1
PTRAD,1
RAGES,1
EWERS,1
ALP,1
GOFN,1
OBIT,1
HTECQ,1
PUNY,1
CORM,1
W--,1
BULGE,1
OEDL,1
LILT,1
IKEJT,1
NOBLEW,1
HUNDO,1
ROID,1
TOWS,1
HR---,1
#NAME?,1
WOAT,1
TING,1
MIL,1
METH,1
HILTS,1
TADS,1
REACT,1
NURL,1
RELIC,1
ORAL,1
MEND,1
CLOSE,1
LOTUS,1
OVOID,1
WON,1
VIERS,1